Unnamed: 0,breed,type,score,popularity_rank,size,intelligence_category,congenital_ailments,size_category,lifetime_cost,intelligence_rank,intelligence_percentile,life_span,number_of_congenital_ailments,purchase_price,food_costs_per_year,grooming_frequency_category,breed_group,apartment_adaptability_score,fit_for_novice_score,sensitivity_score,isolation_toleration_score,cold_toleration_score,hot_toleration_score,affection_score,kid_friendly_score,dog_friendly_score,shedding_score,drooling_score,easy_grooming_score,health_score,risk_of_weight_gain_score,size_score,easy_training_score,intelligence_score,vocal_score,energy_level,exercise_need_score,playfulness_score,description_link,height_min,height_max,weight_min,weight_max,life_span_min,life_span_max,image_url
0,border terrier,terrier,3.61,61.0,1.0,Above average,none,small,22638.0,30.0,70%,14.0,0.0,833.0,324.0,Once a week,Terrier Dogs,4.0,3.0,3.0,1.0,4.0,3.0,5.0,4.0,2.0,3.0,1.0,2.0,4.0,5.0,2.0,3.0,5.0,1.0,4.0,5.0,5.0,https://dogtime.com/dog-breeds/border-terrier,10.0,11.0,11.0,15.0,12.0,15.0,https://bowwowinsurance.com.au/wp-content/uploads/2018/10/border-terrier-700x700.jpg
1,cairn terrier,terrier,3.53,48.0,1.0,Above average,"'lion jaw', heart problems  ",small,21992.0,35.0,61%,13.84,2.0,435.0,324.0,Once a week,Terrier Dogs,5.0,4.0,3.0,1.0,4.0,4.0,5.0,5.0,4.0,3.0,1.0,5.0,4.0,3.0,1.0,2.0,5.0,4.0,5.0,4.0,5.0,https://dogtime.com/dog-breeds/cairn-terrier,9.0,10.0,13.0,14.0,12.0,15.0,https://bowwowinsurance.com.au/wp-content/uploads/2018/10/bull-terrier-standing.jpeg.jpg
2,siberian husky,working,3.22,16.0,2.0,Average,none,medium,22049.0,45.0,45%,12.58,0.0,650.0,466.0,Once in a few weeks,Working Dogs,2.0,1.0,4.0,1.0,5.0,3.0,5.0,5.0,5.0,4.0,3.0,2.0,4.0,2.0,3.0,2.0,3.0,5.0,5.0,5.0,5.0,https://dogtime.com/dog-breeds/siberian-husky,20.0,23.0,35.0,60.0,12.0,15.0,https://bowwowinsurance.com.au/wp-content/uploads/2018/10/siberian-husky-sitting-isolated-700x700.jpg
3,springer spaniel,sporting,3.34,81.0,2.0,Above average,hip problems,medium,20224.0,31.0,69%,12.49,1.0,750.0,324.0,Once a week,Sporting Dogs,4.0,4.0,5.0,1.0,4.0,4.0,5.0,5.0,4.0,3.0,1.0,4.0,4.0,4.0,3.0,5.0,5.0,5.0,5.0,5.0,4.0,https://dogtime.com/dog-breeds/welsh-springer-spaniel,17.0,19.0,35.0,55.0,10.0,15.0,https://bowwowinsurance.com.au/wp-content/uploads/2018/10/english-springer-spaniel-sitting-isolated-700x700-e1686621659475.jpg
4,english cocker spaniel,sporting,3.33,51.0,2.0,Excellent,none,medium,18993.0,18.0,82%,11.66,0.0,800.0,324.0,Once a week,Sporting Dogs,5.0,4.0,5.0,1.0,4.0,3.0,5.0,5.0,5.0,3.0,1.0,3.0,4.0,5.0,2.0,4.0,5.0,4.0,5.0,4.0,5.0,https://dogtime.com/dog-breeds/english-cocker-spaniel,15.0,17.0,26.0,34.0,12.0,14.0,https://www.purina.co.uk/sites/default/files/styles/square_medium_440x440/public/2022-07/Cocker-Spaniel-English.jpg
5,cocker spaniel,sporting,3.3,27.0,1.0,Excellent,"eye, skin problems",small,24330.0,20.0,79%,12.5,2.0,465.0,674.0,Once a week,Sporting Dogs,5.0,3.0,5.0,1.0,4.0,3.0,5.0,3.0,4.0,3.0,1.0,1.0,4.0,4.0,2.0,5.0,4.0,3.0,4.0,3.0,4.0,https://dogtime.com/dog-breeds/cocker-spaniel,14.0,15.0,24.0,28.0,12.0,15.0,https://media.istockphoto.com/id/150420987/photo/english-cocker-spaniel-9-months-old-sitting-against-white-background.jpg?s=612x612&w=0&k=20&c=1rGMttx0G-x2-aXl9W9sJE0-cG0Q3gI-vTKoynbWIP8=
6,lhasa apso,non-sporting,3.21,50.0,1.0,Fair,'dry eye',small,22031.0,68.0,15%,13.92,1.0,350.0,324.0,Once a week,Companion Dogs,5.0,5.0,5.0,4.0,3.0,2.0,4.0,4.0,3.0,3.0,1.0,1.0,3.0,3.0,1.0,3.0,4.0,4.0,4.0,3.0,5.0,https://dogtime.com/dog-breeds/lhasa-apso,9.0,11.0,12.0,15.0,12.0,15.0,https://bowwowinsurance.com.au/wp-content/uploads/2018/10/lhasa-apso-700x700.jpg
7,english springer spaniel,sporting,3.09,29.0,2.0,Excellent,"hip, eye, skin problems; enzyme deficiency",medium,21946.0,13.0,86%,12.54,4.0,615.0,466.0,Once a week,Sporting Dogs,1.0,3.0,4.0,1.0,3.0,4.0,5.0,5.0,5.0,3.0,1.0,2.0,3.0,3.0,3.0,5.0,5.0,3.0,5.0,5.0,5.0,https://dogtime.com/dog-breeds/english-springer-spaniel,18.0,22.0,45.0,55.0,9.0,15.0,https://www.purina.co.uk/sites/default/files/styles/square_medium_440x440/public/2022-07/English-Springer-Spaniel.jpg
8,shetland sheepdog,herding,3.22,20.0,1.0,Brightest,"eye problems, deafness, skin + heart problems, blood clotting disorders",small,21006.0,6.0,94%,12.53,5.0,465.0,405.0,Daily,Herding Dogs,2.0,3.0,5.0,2.0,4.0,3.0,5.0,5.0,4.0,5.0,1.0,2.0,4.0,3.0,2.0,5.0,5.0,4.0,4.0,4.0,4.0,https://dogtime.com/dog-breeds/shetland-sheepdog,13.0,16.0,20.0,40.0,12.0,15.0,https://bowwowinsurance.com.au/wp-content/uploads/2018/10/shetland-sheepdog-sheltie-sitting-isolated-700x700.jpg
9,west highland white terrier,terrier,3.08,32.0,1.0,Average,"'lion jaw', 'dry eye', skin problems",small,20490.0,47.0,41%,12.8,3.0,538.0,324.0,Once a week,Terrier Dogs,4.0,4.0,4.0,2.0,4.0,3.0,5.0,4.0,5.0,4.0,1.0,3.0,3.0,4.0,2.0,4.0,4.0,4.0,4.0,4.0,4.0,https://dogtime.com/dog-breeds/west-highland-white-terrier,10.0,11.0,13.0,22.0,12.0,16.0,https://bowwowinsurance.com.au/wp-content/uploads/2018/10/West-Highland-White-Terrier-Westie-isolated-sitting-700x700.jpg
10,brittany,sporting,3.54,30.0,2.0,Excellent,none,medium,22589.0,19.0,80%,12.92,0.0,618.0,466.0,Once a week,Sporting Dogs,1.0,3.0,5.0,1.0,4.0,3.0,5.0,5.0,5.0,3.0,5.0,3.0,4.0,3.0,3.0,3.0,5.0,3.0,5.0,5.0,5.0,https://dogtime.com/dog-breeds/brittany,17.0,20.0,30.0,40.0,10.0,13.0,https://t3.ftcdn.net/jpg/02/38/06/04/360_F_238060424_DmtNjy0cf5bxR87oFovxrn8YjXJOYxmc.jpg
11,german shorthaired pointer,sporting,3.03,15.0,3.0,Excellent,hip problems,large,25842.0,17.0,84%,11.46,1.0,545.0,971.0,Once a week,Sporting Dogs,1.0,2.0,4.0,1.0,2.0,4.0,5.0,5.0,4.0,2.0,2.0,5.0,3.0,3.0,3.0,5.0,5.0,3.0,5.0,5.0,5.0,https://dogtime.com/dog-breeds/german-shorthaired-pointer,21.0,25.0,45.0,70.0,12.0,15.0,https://bowwowinsurance.com.au/wp-content/uploads/2018/10/german-shorthaired-pointer-700x700.jpg
12,pointer,sporting,3.03,74.0,3.0,Average,hip problems,large,24445.0,43.0,49%,12.42,1.0,294.0,710.0,Once a week,Sporting Dogs,1.0,1.0,3.0,1.0,2.0,4.0,5.0,5.0,5.0,3.0,1.0,5.0,3.0,3.0,3.0,5.0,5.0,3.0,5.0,5.0,5.0,https://dogtime.com/dog-breeds/pointer,23.0,28.0,45.0,75.0,12.0,15.0,https://bowwowinsurance.com.au/wp-content/uploads/2018/10/english-pointer-700x700.jpg
13,tibetan spaniel,non-sporting,3.02,73.0,1.0,Average,none,small,25549.0,46.0,43%,14.42,0.0,1050.0,466.0,Once a week,Companion Dogs,5.0,4.0,5.0,1.0,1.0,2.0,5.0,5.0,4.0,3.0,1.0,4.0,5.0,3.0,1.0,4.0,4.0,4.0,3.0,4.0,4.0,https://dogtime.com/dog-breeds/tibetan-spaniel,10.0,11.0,9.0,15.0,12.0,15.0,https://www.purina.co.uk/sites/default/files/styles/square_medium_440x440/public/2022-08/Tibetan-Spaniel.jpg
14,labrador retriever,sporting,2.97,1.0,2.0,Brightest,"elbows, hips, eyes",medium,21299.0,7.0,93%,12.04,3.0,810.0,466.0,Once a week,Sporting Dogs,1.0,3.0,5.0,2.0,3.0,3.0,5.0,5.0,5.0,5.0,3.0,5.0,3.0,5.0,4.0,5.0,5.0,4.0,5.0,5.0,5.0,https://dogtime.com/dog-breeds/labrador-retriever,21.0,24.0,55.0,80.0,10.0,12.0,https://bowwowinsurance.com.au/wp-content/uploads/2018/10/chocolate-labrador-700x700.jpg
15,bichon frise,non-sporting,3.03,34.0,1.0,Average,none,small,19735.0,45.0,45%,12.21,0.0,693.0,324.0,Daily,Companion Dogs,5.0,5.0,5.0,1.0,3.0,4.0,5.0,4.0,4.0,2.0,1.0,1.0,4.0,4.0,2.0,5.0,4.0,2.0,5.0,3.0,5.0,https://dogtime.com/dog-breeds/bichon-frise,9.0,11.0,7.0,12.0,12.0,15.0,https://bowwowinsurance.com.au/wp-content/uploads/2018/10/bichon-frise-700x700.jpg
16,irish setter,sporting,2.84,56.0,3.0,Above average,"hip, eye problems",large,20323.0,35.0,61%,11.63,2.0,525.0,466.0,Once a week,Sporting Dogs,1.0,3.0,4.0,2.0,4.0,3.0,5.0,5.0,5.0,4.0,2.0,3.0,2.0,3.0,4.0,4.0,5.0,4.0,5.0,5.0,5.0,https://dogtime.com/dog-breeds/irish-setter,25.0,27.0,60.0,70.0,11.0,15.0,https://bowwowinsurance.com.au/wp-content/uploads/2018/10/Irish-setter-sitting-700x700.jpg
17,samoyed,working,2.8,55.0,2.0,Above average,hip problems,medium,25352.0,33.0,68%,12.44,1.0,1162.0,710.0,Once a week,Working Dogs,2.0,2.0,4.0,2.0,5.0,1.0,5.0,5.0,5.0,5.0,2.0,1.0,3.0,4.0,3.0,3.0,3.0,3.0,5.0,5.0,5.0,https://dogtime.com/dog-breeds/samoyed,19.0,24.0,50.0,60.0,12.0,14.0,https://bowwowinsurance.com.au/wp-content/uploads/2018/10/samoyed-700x700.jpg
18,shih tzu,toy,2.93,11.0,1.0,Lowest,eye problems,small,21152.0,70.0,13%,13.2,1.0,583.0,324.0,Daily,Companion Dogs,5.0,5.0,3.0,3.0,3.0,1.0,5.0,4.0,4.0,3.0,1.0,1.0,3.0,4.0,1.0,3.0,4.0,2.0,2.0,2.0,4.0,https://dogtime.com/dog-breeds/shih-tzu,9.0,10.0,9.0,16.0,10.0,16.0,https://bowwowinsurance.com.au/wp-content/uploads/2018/10/shih-tzu-dog-sitting-isolated-700x700.jpg
19,golden retriever,sporting,2.8,4.0,2.0,Brightest,"elbows, hips, eyes, heart ",medium,21447.0,4.0,97%,12.04,4.0,958.0,466.0,Once a week,Sporting Dogs,2.0,3.0,5.0,1.0,3.0,3.0,5.0,5.0,5.0,5.0,4.0,2.0,2.0,5.0,3.0,5.0,5.0,3.0,5.0,5.0,5.0,https://dogtime.com/dog-breeds/golden-retriever,21.0,24.0,55.0,75.0,10.0,12.0,https://bowwowinsurance.com.au/wp-content/uploads/2018/10/golden-retriever-700x700.jpg
20,chesapeake bay retriever,sporting,2.78,40.0,3.0,Above average,hip problems,large,16697.0,27.0,75%,9.48,1.0,522.0,466.0,Once a week,Sporting Dogs,1.0,1.0,3.0,2.0,4.0,4.0,5.0,3.0,1.0,5.0,3.0,5.0,4.0,4.0,3.0,3.0,4.0,3.0,5.0,5.0,4.0,https://dogtime.com/dog-breeds/chesapeake-bay-retriever,21.0,26.0,55.0,80.0,10.0,12.0,https://thumbs.dreamstime.com/b/chesapeake-bay-retriever-23177937.jpg
21,papillon,toy,3.26,33.0,1.0,Brightest,"cataracts, hair loss, heart, eye, blood clotting disorders",small,21001.0,8.0,92%,13.0,5.0,740.0,324.0,Once a week,Companion Dogs,5.0,5.0,3.0,1.0,2.0,4.0,5.0,3.0,4.0,2.0,1.0,3.0,3.0,3.0,1.0,5.0,4.0,2.0,4.0,5.0,5.0,https://dogtime.com/dog-breeds/papillon,8.0,11.0,4.0,9.0,12.0,16.0,https://bowwowinsurance.com.au/wp-content/uploads/2018/10/Papillon-700x700.jpg
22,gordon setter,sporting,2.73,69.0,3.0,Above average,hip problems,large,19605.0,34.0,64%,11.1,1.0,700.0,466.0,Once a week,Sporting Dogs,2.0,3.0,4.0,1.0,4.0,3.0,5.0,3.0,2.0,5.0,3.0,2.0,4.0,3.0,3.0,5.0,5.0,5.0,5.0,5.0,5.0,https://dogtime.com/dog-breeds/gordon-setter,23.0,27.0,45.0,80.0,10.0,12.0,https://www.purina.co.uk/sites/default/files/styles/square_medium_440x440/public/2022-07/Gordon-Setter.jpg
23,english setter,sporting,2.72,65.0,3.0,Above average,"deafness, hip problems",large,20312.0,37.0,56%,11.57,2.0,615.0,466.0,Once a week,Sporting Dogs,1.0,3.0,4.0,1.0,4.0,3.0,5.0,5.0,5.0,3.0,2.0,3.0,3.0,5.0,3.0,3.0,5.0,4.0,4.0,5.0,5.0,https://dogtime.com/dog-breeds/english-setter,23.0,27.0,45.0,80.0,11.0,15.0,https://www.purina.co.uk/sites/default/files/styles/square_medium_440x440/public/2024-03/English-Setter.jpg
24,pug,toy,2.72,26.0,2.0,Fair,'dry eye',medium,18527.0,57.0,29%,11.0,1.0,469.0,405.0,Once a week,Companion Dogs,5.0,5.0,3.0,1.0,2.0,1.0,5.0,4.0,4.0,5.0,1.0,5.0,1.0,5.0,2.0,3.0,2.0,2.0,3.0,3.0,5.0,https://dogtime.com/dog-breeds/pug,10.0,14.0,14.0,18.0,12.0,15.0,https://bowwowinsurance.com.au/wp-content/uploads/2018/10/pug-700x700.jpg
25,affenpinscher,toy,3.2,84.0,1.0,Above average,none,small,18333.0,37.0,56%,11.42,0.0,510.0,324.0,Once in a few weeks,Companion Dogs,5.0,4.0,3.0,1.0,3.0,3.0,5.0,1.0,4.0,1.0,1.0,3.0,4.0,3.0,1.0,2.0,4.0,2.0,4.0,3.0,4.0,https://dogtime.com/dog-breeds/affenpinscher,9.0,11.0,7.0,9.0,12.0,14.0,https://thumbs.dreamstime.com/b/affenpinscher-dog-transparent-background-affenpinscher-dog-transparent-background-generative-ai-272903948.jpg
26,miniature schnauzer,terrier,3.19,12.0,1.0,Excellent,"liver, sinus problems",small,20087.0,12.0,87%,11.81,2.0,715.0,405.0,Once a week,Terrier Dogs,4.0,3.0,4.0,5.0,4.0,4.0,5.0,3.0,3.0,2.0,1.0,2.0,3.0,4.0,2.0,5.0,4.0,3.0,5.0,5.0,4.0,https://dogtime.com/dog-breeds/miniature-schnauzer,13.0,14.0,11.0,20.0,12.0,14.0,https://bowwowinsurance.com.au/wp-content/uploads/2018/10/miniature-schnauzer-700x700.jpg
27,beagle,hound,2.79,3.0,1.0,Lowest,heart problems,small,19468.0,73.0,9%,12.3,1.0,288.0,324.0,Daily,Hound Dogs,4.0,3.0,4.0,1.0,2.0,4.0,5.0,5.0,5.0,3.0,1.0,4.0,1.0,5.0,2.0,1.0,4.0,5.0,4.0,4.0,5.0,https://dogtime.com/dog-breeds/beagle,13.0,15.0,18.0,30.0,10.0,15.0,https://bowwowinsurance.com.au/wp-content/uploads/2022/06/shutterstock_46661515_ed-Beagle-1-year-old-sitting-in-front-of-white-background.jpg
28,border collie,herding,3.64,39.0,2.0,Brightest,"eye problems, deafness",medium,20143.0,1.0,100%,12.52,2.0,623.0,324.0,Once a week,Herding Dogs,2.0,2.0,5.0,1.0,4.0,4.0,5.0,4.0,3.0,3.0,1.0,3.0,2.0,3.0,3.0,5.0,5.0,2.0,5.0,5.0,5.0,https://dogtime.com/dog-breeds/border-collie,18.0,22.0,30.0,45.0,12.0,15.0,https://bowwowinsurance.com.au/wp-content/uploads/2018/10/border-collie-700x700-1.jpg
29,australian terrier,terrier,3.11,77.0,1.0,Above average,none,small,17892.0,34.0,64%,11.05,0.0,640.0,324.0,Once a week,Terrier Dogs,5.0,3.0,2.0,2.0,3.0,4.0,4.0,3.0,2.0,1.0,1.0,5.0,5.0,3.0,1.0,3.0,4.0,5.0,5.0,4.0,5.0,https://dogtime.com/dog-breeds/australian-terrier,10.0,11.0,14.0,16.0,15.0,15.0,https://bowwowinsurance.com.au/wp-content/uploads/2018/10/australian-aussie-terrier-700x700.jpg
30,whippet,hound,3.11,46.0,2.0,Average,none,medium,20976.0,51.0,34%,12.87,0.0,915.0,324.0,Once a week,Hound Dogs,5.0,3.0,5.0,2.0,1.0,4.0,5.0,5.0,4.0,2.0,1.0,5.0,4.0,1.0,3.0,4.0,4.0,1.0,5.0,5.0,5.0,https://dogtime.com/dog-breeds/whippet,18.0,22.0,18.0,48.0,12.0,15.0,https://bowwowinsurance.com.au/wp-content/uploads/2018/10/whippet-700x700.jpg
31,boston terrier,non-sporting,2.61,22.0,2.0,Average,breathing problems,medium,17741.0,54.0,31%,10.92,1.0,690.0,324.0,Once a week,Companion Dogs,5.0,4.0,5.0,3.0,3.0,2.0,4.0,5.0,5.0,2.0,1.0,5.0,4.0,3.0,2.0,4.0,4.0,3.0,4.0,4.0,5.0,https://dogtime.com/dog-breeds/boston-terrier,12.0,15.0,10.0,25.0,13.0,15.0,https://bowwowinsurance.com.au/wp-content/uploads/2018/10/boston-terrier-700x700.jpg
32,briard,herding,2.71,79.0,3.0,Above average,hip problems,large,19673.0,30.0,70%,11.17,1.0,650.0,466.0,Daily,Herding Dogs,3.0,3.0,4.0,3.0,4.0,3.0,4.0,5.0,5.0,1.0,1.0,1.0,3.0,3.0,4.0,4.0,4.0,4.0,4.0,4.0,4.0,https://dogtime.com/dog-breeds/briard,22.0,27.0,70.0,100.0,10.0,12.0,https://www.purina.co.uk/sites/default/files/styles/square_medium_440x440/public/2022-07/Briard.jpg
33,bedlington terrier,terrier,3.07,83.0,1.0,Average,"liver, eye problems",small,22107.0,40.0,54%,13.51,2.0,1058.0,324.0,Once a week,Terrier Dogs,4.0,4.0,3.0,3.0,4.0,3.0,5.0,4.0,4.0,5.0,1.0,1.0,4.0,3.0,3.0,3.0,5.0,3.0,4.0,4.0,5.0,https://dogtime.com/dog-breeds/bedlington-terrier,15.0,16.0,17.0,23.0,14.0,16.0,https://www.purina.co.uk/sites/default/files/styles/square_medium_440x440/public/2022-07/Bedlington-Terrier.jpg
34,cavalier king charles spaniel,toy,2.57,21.0,1.0,Average,"heart, spinal problems",small,18639.0,44.0,48%,11.29,2.0,1017.0,324.0,Once a week,Companion Dogs,5.0,5.0,5.0,1.0,3.0,2.0,5.0,5.0,5.0,3.0,1.0,4.0,4.0,4.0,2.0,4.0,4.0,2.0,3.0,4.0,5.0,https://dogtime.com/dog-breeds/cavalier-king-charles-spaniel,12.0,13.0,13.0,18.0,9.0,15.0,https://bowwowinsurance.com.au/wp-content/uploads/2018/10/cavalier-king-charles-spaniel-700x700.jpg
35,dalmatian,non-sporting,2.57,57.0,2.0,Above average,"deafness, urinary stones",medium,19886.0,39.0,55%,11.27,2.0,695.0,466.0,Once a week,Companion Dogs,2.0,3.0,4.0,3.0,3.0,4.0,5.0,4.0,4.0,5.0,1.0,5.0,4.0,4.0,3.0,4.0,4.0,2.0,5.0,5.0,4.0,https://dogtime.com/dog-breeds/dalmatian,19.0,24.0,48.0,55.0,13.0,16.0,https://bowwowinsurance.com.au/wp-content/uploads/2018/10/dalmatian-700x700.jpg
36,flat-coated retriever,sporting,2.7,67.0,2.0,Excellent,none,medium,16000.0,18.0,82%,9.02,0.0,600.0,466.0,Daily,Sporting Dogs,1.0,2.0,5.0,1.0,4.0,4.0,5.0,5.0,5.0,3.0,2.0,4.0,4.0,4.0,3.0,4.0,5.0,4.0,5.0,5.0,5.0,https://dogtime.com/dog-breeds/flat-coated-retriever,22.0,24.0,55.0,70.0,10.0,12.0,https://www.purina.co.uk/sites/default/files/styles/square_medium_440x440/public/2022-07/Flatcoated-Retriever.jpg
37,belgian tervuren,herding,2.57,72.0,3.0,Excellent,"epilepsy, eye problems",large,19132.0,14.0,85%,10.6,2.0,1070.0,466.0,Once a week,Herding Dogs,3.0,3.0,5.0,1.0,4.0,3.0,4.0,3.0,3.0,4.0,1.0,3.0,3.0,2.0,4.0,5.0,5.0,5.0,5.0,4.0,5.0,https://dogtime.com/dog-breeds/belgian-tervuren,21.0,26.0,40.0,70.0,10.0,12.0,//www.purina.co.uk/sites/default/files/styles/square_medium_440x440/public/2022-07/Belgian-Shepherd-Dog-Tervueren.jpg
38,basset hound,hound,2.54,36.0,1.0,Lowest,"blood, skin disorders",small,18328.0,71.0,11%,11.43,2.0,490.0,324.0,Once a week,Hound Dogs,5.0,4.0,4.0,3.0,2.0,2.0,5.0,5.0,5.0,4.0,4.0,5.0,1.0,5.0,3.0,2.0,4.0,4.0,2.0,2.0,2.0,https://dogtime.com/dog-breeds/basset-hound,14.0,14.0,50.0,65.0,10.0,12.0,https://bowwowinsurance.com.au/wp-content/uploads/2018/10/basset-hound-700x700.jpg
39,poodle,non-sporting,3.04,8.0,2.0,Brightest,"fatal stomach bloat, skin disorder",medium,21237.0,2.0,99%,11.95,2.0,900.0,466.0,Once a week,Companion Dogs,5.0,5.0,4.0,1.0,3.0,4.0,5.0,5.0,4.0,1.0,1.0,1.0,2.0,4.0,4.0,5.0,5.0,2.0,4.0,4.0,5.0,https://dogtime.com/dog-breeds/poodle,10.0,24.0,6.0,70.0,12.0,15.0,https://bowwowinsurance.com.au/wp-content/uploads/2018/10/white-toy-poodle-sitting-isolated-700x700.jpg
40,staffordshire bull terrier,terrier,2.48,58.0,2.0,Average,hip problems,medium,21650.0,49.0,37%,12.05,1.0,1145.0,466.0,Once a week,Terrier Dogs,3.0,1.0,4.0,2.0,3.0,1.0,5.0,5.0,1.0,3.0,3.0,5.0,3.0,4.0,2.0,2.0,3.0,3.0,3.0,4.0,5.0,https://dogtime.com/dog-breeds/staffordshire-bull-terrier,14.0,16.0,24.0,38.0,12.0,14.0,https://bowwowinsurance.com.au/wp-content/uploads/2018/10/Staffie-Staffordshire-Bull-Terrier-sitting-isolated-700x700.jpg
41,bouvier des flandres,herding,2.47,62.0,3.0,Above average,hip problems,large,18959.0,29.0,72%,10.34,1.0,1335.0,466.0,Once a week,Herding Dogs,3.0,2.0,4.0,2.0,4.0,2.0,5.0,5.0,2.0,1.0,1.0,2.0,3.0,4.0,4.0,5.0,4.0,4.0,4.0,4.0,4.0,https://dogtime.com/dog-breeds/bouvier-des-flandres,23.0,26.0,70.0,100.0,10.0,12.0,https://breed-assets.wisdompanel.com/dog/bouvier-des-flanders/Bouvier_des_Flandres_Color_Small_File.png
42,pembroke welsh corgi,herding,2.45,25.0,1.0,Excellent,"cataracts + other eye problems, connective tissue, nerves, kidneys, spine, blood clotting disorders",small,23978.0,11.0,89%,12.25,9.0,587.0,674.0,Once a week,Herding Dogs,4.0,4.0,4.0,3.0,4.0,3.0,5.0,4.0,3.0,5.0,1.0,4.0,3.0,4.0,2.0,5.0,5.0,5.0,4.0,4.0,4.0,https://dogtime.com/dog-breeds/pembroke-welsh-corgi,10.0,12.0,30.0,30.0,12.0,14.0,https://www.purina.co.uk/sites/default/files/styles/square_medium_440x440/public/2022-08/Welsh-Corgi-Pembroke.jpg
43,clumber spaniel,sporting,2.44,82.0,2.0,Above average,none,medium,18084.0,37.0,56%,10.0,0.0,1033.0,466.0,Once a week,Sporting Dogs,5.0,5.0,4.0,2.0,5.0,2.0,5.0,3.0,4.0,5.0,5.0,1.0,2.0,5.0,3.0,4.0,3.0,1.0,3.0,2.0,5.0,https://dogtime.com/dog-breeds/clumber-spaniel,17.0,20.0,55.0,85.0,12.0,12.0,https://bowwowinsurance.com.au/wp-content/uploads/2020/09/shutterstock_46223668-Clumber-Spaniel-dog-thumbnail.jpg
44,pomeranian,toy,2.93,17.0,1.0,Excellent,heart problems,small,15792.0,23.0,77%,9.67,1.0,670.0,324.0,Once a week,Companion Dogs,4.0,4.0,4.0,1.0,4.0,2.0,5.0,2.0,2.0,4.0,1.0,2.0,3.0,4.0,1.0,4.0,4.0,5.0,3.0,2.0,3.0,https://dogtime.com/dog-breeds/pomeranian,7.0,12.0,3.0,7.0,12.0,16.0,https://bowwowinsurance.com.au/wp-content/uploads/2018/10/pomeranian-red-700x700.jpg
45,australian shepherd,herding,2.91,24.0,2.0,Average,"deafness, hip problems",medium,21458.0,42.0,52%,12.28,2.0,565.0,466.0,Once a week,Herding Dogs,1.0,2.0,5.0,2.0,4.0,4.0,5.0,4.0,5.0,3.0,1.0,1.0,2.0,4.0,3.0,5.0,5.0,4.0,5.0,5.0,5.0,https://dogtime.com/dog-breeds/australian-shepherd,18.0,23.0,40.0,65.0,12.0,15.0,https://bowwowinsurance.com.au/wp-content/uploads/2018/06/australian-shepherd-700x700.jpg
46,pharaoh hound,hound,2.81,86.0,2.0,Above average,none,medium,21047.0,37.0,56%,11.83,0.0,913.0,466.0,Once a week,Hound Dogs,4.0,4.0,5.0,2.0,1.0,5.0,5.0,5.0,5.0,2.0,1.0,4.0,5.0,3.0,3.0,3.0,4.0,4.0,2.0,4.0,4.0,https://dogtime.com/dog-breeds/pharaoh-hound,21.0,25.0,45.0,55.0,11.0,14.0,https://www.purina.co.uk/sites/default/files/styles/square_medium_440x440/public/2022-07/Pharaoh-Hound.jpg
47,dandie dinmont terrier,terrier,2.42,87.0,1.0,Fair,none,small,21633.0,62.0,22%,12.17,0.0,925.0,466.0,Daily,Terrier Dogs,4.0,4.0,3.0,2.0,3.0,3.0,5.0,4.0,3.0,3.0,1.0,2.0,3.0,4.0,1.0,2.0,3.0,2.0,3.0,2.0,4.0,https://dogtime.com/dog-breeds/dandie-dinmont-terrier,8.0,11.0,18.0,24.0,12.0,15.0,https://images.wagwalkingweb.com/media/breed/dandie-dinmont-terrier/appearance/dandie-dinmont-terrier.png
48,greyhound,hound,2.29,85.0,3.0,Average,blood vessel disorders,large,15819.0,46.0,43%,9.36,1.0,1175.0,324.0,Once a week,Hound Dogs,4.0,2.0,5.0,1.0,1.0,5.0,5.0,5.0,4.0,4.0,5.0,5.0,4.0,5.0,4.0,5.0,5.0,2.0,5.0,5.0,4.0,https://dogtime.com/dog-breeds/greyhound,25.0,30.0,50.0,85.0,12.0,15.0,https://bowwowinsurance.com.au/wp-content/uploads/2018/10/greyhound-black-white-700x700.jpg
49,saluki,hound,2.41,75.0,2.0,Average,none,medium,24866.0,43.0,49%,12.0,0.0,1525.0,710.0,Daily,Hound Dogs,1.0,2.0,5.0,1.0,2.0,3.0,5.0,4.0,4.0,2.0,1.0,4.0,4.0,1.0,4.0,4.0,4.0,1.0,5.0,5.0,5.0,https://dogtime.com/dog-breeds/saluki,23.0,28.0,35.0,70.0,12.0,14.0,https://www.purina.co.uk/sites/default/files/styles/square_medium_440x440/public/2022-08/Saluki.jpg
50,australian cattle dog,herding,3.25,49.0,2.0,Brightest,hip problems,medium,20395.0,10.0,90%,11.67,1.0,530.0,466.0,Once a week,Herding Dogs,2.0,1.0,4.0,3.0,4.0,4.0,5.0,3.0,4.0,3.0,1.0,4.0,5.0,4.0,3.0,5.0,5.0,2.0,5.0,5.0,5.0,https://dogtime.com/dog-breeds/australian-cattle-dog,17.0,20.0,30.0,50.0,12.0,15.0,https://bowwowinsurance.com.au/wp-content/uploads/2018/10/blue-heeler-australian-cattledog-700x700.jpg
51,tibetan terrier,non-sporting,2.75,64.0,1.0,Fair,none,small,20336.0,62.0,22%,12.31,0.0,1140.0,324.0,Once a week,Companion Dogs,5.0,3.0,4.0,1.0,4.0,4.0,5.0,5.0,4.0,1.0,1.0,1.0,5.0,3.0,2.0,4.0,4.0,4.0,5.0,5.0,5.0,https://dogtime.com/dog-breeds/tibetan-terrier,14.0,16.0,20.0,24.0,12.0,15.0,https://www.purina.co.uk/sites/default/files/styles/square_medium_440x440/public/2022-08/Tibetan-Terrier_0.jpg
52,norfolk terrier,terrier,2.71,76.0,1.0,Fair,none,small,24308.0,56.0,30%,13.07,0.0,2083.0,466.0,Once a week,Terrier Dogs,4.0,5.0,4.0,3.0,4.0,4.0,5.0,4.0,5.0,1.0,1.0,4.0,5.0,5.0,1.0,5.0,4.0,3.0,4.0,4.0,5.0,https://dogtime.com/dog-breeds/norfolk-terrier,9.0,10.0,11.0,12.0,12.0,15.0,https://thumbs.dreamstime.com/b/norfolk-terrier-dog-isolated-white-background-generated-ai-276506080.jpg
53,dachshund,hound,3.19,9.0,1.0,Average,"skin, spinal problems",small,20113.0,49.0,37%,12.63,2.0,423.0,324.0,Once a week,Hound Dogs,5.0,4.0,4.0,3.0,1.0,3.0,4.0,5.0,3.0,3.0,1.0,3.0,2.0,5.0,1.0,2.0,4.0,5.0,3.0,3.0,4.0,https://dogtime.com/dog-breeds/dachshund,8.0,9.0,16.0,32.0,12.0,15.0,https://bowwowinsurance.com.au/wp-content/uploads/2018/10/dachshund-standard-700x700.jpg
54,chihuahua,toy,3.15,14.0,1.0,Fair,knee problems,small,26250.0,67.0,16%,16.5,1.0,588.0,324.0,Once a week,Companion Dogs,5.0,4.0,5.0,1.0,1.0,2.0,5.0,5.0,2.0,2.0,1.0,5.0,2.0,3.0,1.0,4.0,4.0,3.0,3.0,1.0,4.0,https://dogtime.com/dog-breeds/chihuahua,6.0,9.0,3.0,6.0,10.0,18.0,https://bowwowinsurance.com.au/wp-content/uploads/2018/10/chihuahua-700x700.jpg
55,doberman pinscher,working,2.59,13.0,3.0,Brightest,"heart, spine, blood clotting disorders",large,18397.0,5.0,95%,10.33,4.0,790.0,466.0,Once a week,Working Dogs,3.0,3.0,5.0,2.0,1.0,4.0,5.0,3.0,1.0,4.0,4.0,5.0,1.0,3.0,4.0,5.0,5.0,1.0,3.0,3.0,5.0,https://dogtime.com/dog-breeds/doberman-pinscher,24.0,28.0,60.0,80.0,10.0,13.0,https://bowwowinsurance.com.au/wp-content/uploads/2018/10/doberman-700x700.jpg
56,english toy spaniel,toy,2.59,80.0,1.0,Average,none,small,17521.0,45.0,45%,10.1,0.0,925.0,405.0,Once a week,Companion Dogs,4.0,4.0,4.0,1.0,2.0,2.0,5.0,1.0,4.0,5.0,2.0,4.0,2.0,3.0,2.0,3.0,3.0,3.0,3.0,2.0,4.0,https://dogtime.com/dog-breeds/english-toy-spaniel,10.0,11.0,8.0,14.0,10.0,12.0,https://media.istockphoto.com/id/943139710/photo/cavalier-king-charles-sitting.jpg?s=612x612&w=0&k=20&c=Ye99FNku9XTPOs37R5DyuHhOeskta90i1q7kcGMauck=
57,newfoundland,working,2.07,37.0,3.0,Above average,"hip problems, heart defects",large,19351.0,34.0,64%,9.32,2.0,1178.0,710.0,Once a week,Working Dogs,1.0,3.0,4.0,1.0,5.0,2.0,5.0,5.0,4.0,5.0,5.0,2.0,1.0,4.0,5.0,5.0,4.0,4.0,3.0,3.0,4.0,https://dogtime.com/dog-breeds/newfoundland,25.0,29.0,100.0,150.0,8.0,10.0,https://bowwowinsurance.com.au/wp-content/uploads/2018/10/newfoundland-black-700x700.jpg
58,basenji,hound,2.51,68.0,2.0,Lowest,"kidney, eye problems, anaemia",medium,22096.0,79.0,2%,13.58,3.0,940.0,324.0,Once a week,Hound Dogs,5.0,4.0,3.0,4.0,1.0,4.0,5.0,5.0,4.0,1.0,1.0,5.0,2.0,2.0,2.0,1.0,4.0,1.0,5.0,5.0,2.0,https://dogtime.com/dog-breeds/basenji,16.0,17.0,22.0,24.0,10.0,12.0,https://bowwowinsurance.com.au/wp-content/uploads/2018/10/Basenji-thumbnail.jpg
59,afghan hound,hound,2.08,66.0,3.0,Lowest,none,large,24077.0,80.0,1%,11.92,0.0,890.0,710.0,Daily,Hound Dogs,5.0,3.0,5.0,2.0,5.0,5.0,5.0,5.0,4.0,4.0,1.0,1.0,3.0,1.0,4.0,1.0,4.0,2.0,5.0,4.0,4.0,https://dogtime.com/dog-breeds/afghan-hound,24.0,26.0,50.0,60.0,10.0,12.0,https://bowwowinsurance.com.au/wp-content/uploads/2024/08/shutterstock_2324887193_crop-ed-sq-Image-of-smiling-purebred-beautiful-Afghan-Hound-dog-sitting-and-attentively-looking-against-white-studio-background-white.jpg
60,old english sheepdog,herding,2.04,63.0,2.0,Fair,hip problems,medium,22611.0,63.0,21%,11.19,1.0,832.0,710.0,Daily,Herding Dogs,5.0,4.0,4.0,2.0,4.0,2.0,5.0,4.0,4.0,1.0,4.0,1.0,4.0,4.0,4.0,3.0,4.0,1.0,4.0,4.0,4.0,https://dogtime.com/dog-breeds/old-english-sheepdog,22.0,22.0,80.0,100.0,10.0,12.0,https://bowwowinsurance.com.au/wp-content/uploads/2018/10/old-english-sheepdog-700x700.jpg
61,french bulldog,non-sporting,1.9,18.0,2.0,Fair,none,medium,17266.0,58.0,28%,9.0,0.0,1900.0,466.0,Once a week,Companion Dogs,5.0,5.0,3.0,1.0,2.0,1.0,5.0,4.0,4.0,3.0,1.0,5.0,2.0,4.0,2.0,4.0,3.0,3.0,3.0,2.0,5.0,https://dogtime.com/dog-breeds/french-bulldog,11.0,12.0,16.0,28.0,11.0,14.0,https://media.istockphoto.com/id/1324893210/photo/french-bulldog-puppy-on-white-background.jpg?s=612x612&w=0&k=20&c=eZ-HVdZz6P0FfS8DXooL6E5JP5ALpBu1APsV1vQs2dY=
62,bernese mountain dog,working,1.85,31.0,3.0,Excellent,"meningitis, elbow + hip problems, complex immune disorder",large,16099.0,22.0,78%,7.56,4.0,1320.0,710.0,Once a week,Working Dogs,1.0,2.0,4.0,1.0,5.0,1.0,5.0,5.0,3.0,5.0,4.0,3.0,1.0,4.0,5.0,4.0,4.0,4.0,4.0,3.0,4.0,https://dogtime.com/dog-breeds/bernese-mountain-dog,23.0,28.0,70.0,115.0,6.0,10.0,https://bowwowinsurance.com.au/wp-content/uploads/2018/10/shutterstock_76839838-feature.jpg
63,boxer,working,1.83,7.0,2.0,Average,"eye, nerve, heart problems",medium,15746.0,48.0,39%,8.81,4.0,700.0,466.0,Once a week,Working Dogs,4.0,3.0,4.0,1.0,2.0,1.0,5.0,4.0,3.0,4.0,2.0,5.0,2.0,4.0,3.0,4.0,4.0,3.0,5.0,5.0,5.0,https://dogtime.com/dog-breeds/boxer,21.0,25.0,60.0,70.0,10.0,12.0,https://bowwowinsurance.com.au/wp-content/uploads/2018/10/boxer-700x700.jpg
64,brussels griffon,toy,2.8,59.0,1.0,Fair,none,small,19551.0,59.0,25%,12.0,0.0,833.0,324.0,Once a week,Companion Dogs,5.0,2.0,5.0,1.0,1.0,2.0,5.0,4.0,4.0,3.0,3.0,3.0,3.0,3.0,1.0,3.0,4.0,4.0,5.0,4.0,5.0,https://dogtime.com/dog-breeds/brussels-griffon,7.0,8.0,7.0,12.0,12.0,15.0,https://bowwowinsurance.com.au/wp-content/uploads/2018/10/Brussels-Griffon-Griffon-Bruxellois-700x700.jpg
65,maltese,toy,2.93,23.0,1.0,Fair,heart problems,small,19084.0,59.0,25%,12.25,1.0,650.0,270.0,Daily,Companion Dogs,5.0,5.0,4.0,1.0,1.0,3.0,5.0,3.0,4.0,2.0,1.0,2.0,3.0,3.0,1.0,4.0,4.0,4.0,3.0,2.0,4.0,https://dogtime.com/dog-breeds/maltese,8.0,10.0,7.0,7.0,12.0,15.0,https://bowwowinsurance.com.au/wp-content/uploads/2018/10/white-maltese-700x700.jpg
66,giant schnauzer,working,2.38,70.0,3.0,Above average,hip problems,large,26686.0,28.0,74%,10.0,1.0,810.0,1349.0,Daily,Working Dogs,1.0,1.0,4.0,2.0,4.0,2.0,5.0,3.0,3.0,4.0,1.0,2.0,4.0,3.0,4.0,5.0,4.0,4.0,5.0,5.0,5.0,https://dogtime.com/dog-breeds/giant-schnauzer,23.0,27.0,55.0,80.0,10.0,12.0,https://bowwowinsurance.com.au/wp-content/uploads/2018/10/standard-schnauzer-isolated-700x7001.jpg
67,rottweiler,working,2.24,10.0,3.0,Brightest,"heart, elbow, hip problems",large,18886.0,9.0,91%,9.11,3.0,1118.0,710.0,Once a week,Working Dogs,2.0,1.0,4.0,1.0,2.0,3.0,5.0,4.0,2.0,4.0,4.0,5.0,2.0,5.0,3.0,4.0,5.0,4.0,4.0,4.0,5.0,https://dogtime.com/dog-breeds/rottweiler,22.0,27.0,85.0,130.0,8.0,11.0,https://bowwowinsurance.com.au/wp-content/uploads/2018/10/rottweiler-700x700.jpg
68,yorkshire terrier,toy,2.85,5.0,1.0,Above average,"knee, liver, trachea, eye disorders",small,20701.0,27.0,75%,12.6,4.0,1057.0,324.0,Daily,Companion Dogs,5.0,4.0,5.0,2.0,2.0,2.0,4.0,2.0,3.0,2.0,1.0,2.0,4.0,2.0,1.0,3.0,3.0,3.0,5.0,4.0,5.0,https://dogtime.com/dog-breeds/yorkshire-terrier,8.0,9.0,4.0,6.0,12.0,15.0,https://bowwowinsurance.com.au/wp-content/uploads/2018/10/Yorkshire-Terrier-700x700.jpg
69,irish wolfhound,hound,1.66,60.0,3.0,Average,"heart, liver, hip problems",large,18435.0,41.0,53%,6.94,3.0,1333.0,1217.0,Once a week,Hound Dogs,1.0,2.0,3.0,2.0,4.0,2.0,5.0,5.0,5.0,3.0,1.0,3.0,1.0,3.0,5.0,3.0,4.0,1.0,2.0,4.0,4.0,https://dogtime.com/dog-breeds/irish-wolfhound,32.0,35.0,115.0,180.0,6.0,8.0,https://bowwowinsurance.com.au/wp-content/uploads/2024/06/shutterstock_50893645_ed-crop-sq-Irish-Wolfhound-standing-in-front-of-white-background.jpg
70,scottish terrier,terrier,2.27,45.0,1.0,Fair,blood clotting disorder,small,17525.0,65.0,18%,10.69,1.0,829.0,324.0,Daily,Terrier Dogs,4.0,2.0,4.0,3.0,4.0,3.0,5.0,4.0,4.0,2.0,1.0,2.0,4.0,3.0,2.0,1.0,4.0,4.0,4.0,4.0,4.0,https://dogtime.com/dog-breeds/scottish-terrier,10.0,10.0,18.0,22.0,11.0,13.0,https://bowwowinsurance.com.au/wp-content/uploads/2018/10/scottish-terrier-black-isolated-700x700.jpg
71,bullmastiff,working,1.64,35.0,3.0,Fair,"eye, hip problems",large,13936.0,69.0,14%,7.57,2.0,980.0,466.0,Once a week,Working Dogs,3.0,2.0,4.0,2.0,4.0,2.0,5.0,5.0,4.0,1.0,5.0,5.0,2.0,5.0,5.0,3.0,3.0,4.0,2.0,3.0,5.0,https://dogtime.com/dog-breeds/bullmastiff,24.0,27.0,100.0,130.0,8.0,10.0,https://bowwowinsurance.com.au/wp-content/uploads/2018/11/bullmastiff-700x700.jpg
73,mastiff,working,1.57,28.0,3.0,Lowest,"hip, heart problems",large,13581.0,72.0,10%,6.5,2.0,900.0,701.0,Once a week,Working Dogs,2.0,1.0,3.0,3.0,4.0,1.0,5.0,5.0,2.0,3.0,5.0,3.0,3.0,4.0,5.0,3.0,2.0,2.0,3.0,4.0,4.0,https://dogtime.com/dog-breeds/mastiff,27.0,32.0,130.0,220.0,6.0,10.0,https://www.purina.co.uk/sites/default/files/2022-07/Mastiff.jpg
74,great dane,working,1.53,19.0,3.0,Average,"heart, spinal, hip problems, fatal stomach bloat",large,14662.0,48.0,39%,6.96,4.0,1040.0,710.0,Once a week,Working Dogs,1.0,1.0,5.0,1.0,2.0,3.0,5.0,5.0,5.0,5.0,4.0,5.0,4.0,2.0,5.0,5.0,3.0,4.0,5.0,5.0,5.0,https://dogtime.com/dog-breeds/great-dane,26.0,34.0,100.0,200.0,7.0,10.0,https://bowwowinsurance.com.au/wp-content/uploads/2018/10/great-dane-700x700.jpg
75,kerry blue terrier,terrier,2.13,78.0,2.0,Above average,heart problems,medium,17240.0,35.0,61%,9.4,1.0,1200.0,466.0,Daily,Terrier Dogs,3.0,2.0,3.0,3.0,4.0,3.0,4.0,4.0,2.0,1.0,1.0,2.0,3.0,3.0,3.0,4.0,4.0,4.0,4.0,5.0,4.0,https://dogtime.com/dog-breeds/kerry-blue-terrier,17.0,19.0,33.0,40.0,12.0,15.0,https://thumbs.dreamstime.com/b/kerry-blue-terrier-front-white-background-75491582.jpg
76,italian greyhound,toy,2.49,53.0,1.0,Fair,none,small,16463.0,60.0,24%,10.02,0.0,800.0,324.0,Once a week,Companion Dogs,5.0,5.0,5.0,1.0,1.0,3.0,5.0,5.0,4.0,2.0,1.0,5.0,3.0,2.0,2.0,3.0,3.0,3.0,4.0,4.0,4.0,https://dogtime.com/dog-breeds/italian-greyhound,13.0,15.0,6.0,15.0,14.0,15.0,https://bowwowinsurance.com.au/wp-content/uploads/2018/10/italian-greyhound-700x700.jpg
77,pekingese,toy,2.05,52.0,1.0,Lowest,knee problems,small,20565.0,74.0,8%,11.56,1.0,885.0,466.0,Daily,Companion Dogs,5.0,4.0,2.0,3.0,4.0,1.0,5.0,2.0,2.0,4.0,1.0,1.0,2.0,3.0,1.0,3.0,4.0,4.0,2.0,2.0,3.0,https://dogtime.com/dog-breeds/pekingese,6.0,9.0,7.0,14.0,12.0,15.0,https://bowwowinsurance.com.au/wp-content/uploads/2018/10/pekingese-adult-standing-isolated-700x700.jpg
78,rhodesian ridgeback,hound,1.91,38.0,3.0,Average,"birth defects, hip problems",large,16530.0,52.0,33%,9.1,2.0,995.0,466.0,Once a week,Hound Dogs,1.0,2.0,4.0,2.0,3.0,3.0,5.0,4.0,4.0,4.0,1.0,5.0,4.0,3.0,4.0,2.0,4.0,1.0,4.0,5.0,5.0,https://dogtime.com/dog-breeds/rhodesian-ridgeback,24.0,27.0,70.0,85.0,10.0,12.0,https://bowwowinsurance.com.au/wp-content/uploads/2018/10/rhodesian-ridgeback-700x700.jpg
79,bull terrier,terrier,1.85,44.0,2.0,Fair,"heart problems, zinc metabolism disorder",medium,18490.0,66.0,17%,10.21,2.0,1085.0,466.0,Once a week,Terrier Dogs,4.0,3.0,5.0,2.0,1.0,4.0,5.0,5.0,4.0,3.0,1.0,5.0,4.0,5.0,2.0,5.0,4.0,1.0,4.0,5.0,5.0,https://dogtime.com/dog-breeds/bull-terrier,21.0,22.0,35.0,75.0,10.0,15.0,https://bowwowinsurance.com.au/wp-content/uploads/2018/10/bullmastiff-700x700-1.jpg
80,saint bernard,working,1.42,43.0,3.0,Fair,"heart, hip disorders, fatal stomach bloat",large,20022.0,65.0,18%,7.78,3.0,875.0,1217.0,Daily,Working Dogs,3.0,2.0,4.0,1.0,5.0,1.0,5.0,5.0,5.0,4.0,5.0,2.0,2.0,4.0,5.0,2.0,4.0,1.0,3.0,2.0,4.0,https://dogtime.com/dog-breeds/saint-bernard,26.0,30.0,120.0,180.0,8.0,10.0,https://www.purina.co.uk/sites/default/files/2022-08/St-Bernard.jpg
81,borzoi,hound,1.89,71.0,3.0,Lowest,none,large,16176.0,76.0,6%,9.08,0.0,675.0,466.0,Daily,Hound Dogs,5.0,3.0,5.0,1.0,4.0,3.0,4.0,3.0,4.0,5.0,1.0,4.0,4.0,2.0,5.0,3.0,4.0,2.0,2.0,2.0,3.0,https://dogtime.com/dog-breeds/borzoi,26.0,32.0,55.0,105.0,10.0,12.0,https://bowwowinsurance.com.au/wp-content/uploads/2024/08/shutterstock_385162012_ed-sq-Russian-borzoi-dog-in-front-of-white-background.png
82,alaskan malamute,working,1.82,47.0,3.0,Average,"hip problems, dwarfism",large,21986.0,50.0,36%,10.67,2.0,1210.0,710.0,Daily,Working Dogs,1.0,1.0,4.0,1.0,5.0,2.0,4.0,3.0,2.0,5.0,1.0,1.0,4.0,3.0,4.0,4.0,4.0,5.0,5.0,5.0,5.0,https://dogtime.com/dog-breeds/alaskan-malamute,23.0,25.0,75.0,100.0,12.0,15.0,https://bowwowinsurance.com.au/wp-content/uploads/2018/10/alaskan-malamute-700x700.jpg
83,bloodhound,hound,1.66,42.0,3.0,Lowest,"fatal stomach bloat, skin problems",large,13824.0,75.0,7%,6.75,2.0,608.0,710.0,Once a week,Hound Dogs,1.0,2.0,4.0,2.0,3.0,3.0,5.0,5.0,5.0,4.0,5.0,1.0,3.0,3.0,4.0,3.0,4.0,4.0,5.0,5.0,3.0,https://dogtime.com/dog-breeds/bloodhound,23.0,27.0,80.0,110.0,11.0,15.0,https://bowwowinsurance.com.au/wp-content/uploads/2024/08/shutterstock_52951087_ed-sq-bloodhound-also-known-as-St.-Hubert-hound-and-Sleuth-Hound-isolated-on-a-white-background.jpg
84,chow chow,non-sporting,1.76,54.0,2.0,Lowest,"eye, hip problems",medium,15898.0,77.0,5%,9.01,2.0,515.0,466.0,Daily,Working Dogs,3.0,2.0,2.0,5.0,5.0,2.0,2.0,1.0,1.0,1.0,3.0,1.0,2.0,4.0,4.0,2.0,1.0,1.0,2.0,2.0,1.0,https://dogtime.com/dog-breeds/chow-chow,17.0,20.0,40.0,70.0,12.0,15.0,https://bowwowinsurance.com.au/wp-content/uploads/2018/10/chow-chow-700x700.jpg
85,akita,working,1.95,41.0,3.0,Average,hip problems,large,20994.0,54.0,31%,10.16,1.0,1202.0,710.0,Once a week,Working Dogs,2.0,2.0,5.0,1.0,5.0,2.0,5.0,1.0,1.0,5.0,5.0,1.0,4.0,4.0,4.0,2.0,3.0,5.0,4.0,4.0,5.0,https://dogtime.com/dog-breeds/akita,24.0,28.0,70.0,130.0,10.0,12.0,https://bowwowinsurance.com.au/wp-content/uploads/2018/10/akita-700x700.jpg
86,bulldog,non-sporting,0.99,6.0,2.0,Lowest,"breathing, hip, heart problems, 'dry eye'",medium,13479.0,78.0,3%,6.29,5.0,2680.0,466.0,Once a week,Companion Dogs,5.0,4.0,4.0,3.0,1.0,1.0,5.0,4.0,2.0,3.0,5.0,5.0,4.0,5.0,2.0,3.0,2.0,4.0,2.0,3.0,4.0,https://dogtime.com/dog-breeds/bulldog,12.0,15.0,40.0,50.0,8.0,12.0,https://www.purina.co.uk/sites/default/files/2022-07/Bulldog.jpg